task_id,obs_mode,num_envs,repeat,backend,video_recording,warmup_steps,measure_vector_steps,transitions,completed_episodes,wall_seconds,load_seconds,warmup_seconds,transitions_per_second,episodes_per_hour,policy_latency_p50_ms,policy_latency_p95_ms,environment_step_p50_ms,environment_step_p95_ms,physics_seconds,render_capture_seconds,env_step_seconds,serialization_write_seconds,reset_seconds,peak_allocated_gpu_bytes,peak_reserved_gpu_bytes,peak_process_gpu_bytes,peak_host_rss_bytes,bytes_written,exclusive_gpu_observed,unrelated_gpu_pids,estimated_seconds_per_100_episodes,estimated_bytes_per_100_episodes,run_dir
PushCube-v1,state_dict,1,0,physx_cuda,False,50,500,500,10,15.343671911396086,3.5755755896680057,1.6198975341394544,32.586723887692024,2346.2441199138257,0.23905513808131218,0.4896140657365322,14.995525125414133,15.491892234422266,6.679250569082797,0,7.53631949191913,3.2842587581835687,3.9231278975494206,124416,2097152,2895499264,2890395648,2257088,True,[],158.63219223776832,22570880.0,outputs/p4-h800-benchmark/PushCube-v1-state_dict-1-r0
PushCube-v1,state_dict,1,1,physx_cuda,False,50,500,500,10,15.424455411266536,0.9166438868269324,1.4468801761977375,32.41605532697014,2333.95598354185,0.28238166123628616,0.49414290115237225,15.020870603621006,15.746796480379997,6.717147784307599,0,7.576406130567193,3.2971278224140406,3.9622692046687007,124416,2097152,2895499264,2906669056,2256432,True,[],156.60807817569003,22564320.0,outputs/p4-h800-benchmark/PushCube-v1-state_dict-1-r1
PushCube-v1,state_dict,1,2,physx_cuda,False,50,500,500,10,15.369169319979846,0.7906433627940714,1.4480017609894276,32.5326626046082,2342.3517075317905,0.235862098634243,0.4870878765359521,15.003899112343788,16.46808367222547,6.760377423837781,0,7.613781801424921,3.268947781994939,3.909682317636907,124416,2097152,2895499264,2914476032,2257416,True,[],155.93033832358196,22574160.0,outputs/p4-h800-benchmark/PushCube-v1-state_dict-1-r2
PushCube-v1,state_dict,4,0,physx_cuda,False,50,500,2000,40,26.614118095953017,0.7845630752854049,1.5831116419285536,75.14808466654107,5410.662095990957,0.5283274222165346,0.6809714948758483,15.29667666181922,17.725666053593155,6.967342784162611,0,7.873480801936239,12.951195504516363,4.187530908267945,124416,2097152,2895499264,2952126464,9021792,False,[559591],68.9029699570965,22554480.0,outputs/p4-h800-benchmark/PushCube-v1-state_dict-4-r0
PushCube-v1,state_dict,4,1,physx_cuda,False,50,500,2000,40,26.368503923993558,0.8087688712403178,1.4814015347510576,75.84806501593498,5461.060681147319,0.48678508028388023,0.666529405862093,15.302769839763641,17.043549194931984,6.868562307674438,0,7.772487038746476,12.974730584770441,4.017532412428409,124416,2097152,2895499264,2961252352,9027040,False,[561127],68.21143021597527,22567600.0,outputs/p4-h800-benchmark/PushCube-v1-state_dict-4-r1
PushCube-v1,state_dict,4,2,physx_cuda,False,50,500,2000,40,26.627792067360133,0.8030396979302168,1.481737199705094,75.10949443125493,5407.883599050355,0.49823406152427197,0.6765207974240183,15.46191144734621,18.37884928099811,7.138251937925816,0,8.031747572124004,12.911962979473174,4.063390573952347,124416,2097152,2895499264,2964439040,9023104,True,[],68.85425706603564,22557760.0,outputs/p4-h800-benchmark/PushCube-v1-state_dict-4-r2
PushCube-v1,state_dict,16,0,physx_cuda,False,50,500,8000,160,71.0007465085946,0.8322814190760255,1.7079324312508106,112.67487165126643,8112.590758891183,0.8651814423501492,1.2962006265297532,16.43444993533194,21.947747049853202,7.855335079599172,0,8.796021441463381,51.58532637311146,4.39851934555918,128512,2097152,2895499264,3058753536,36113408,False,[562809],46.91568041819846,22570880.0,outputs/p4-h800-benchmark/PushCube-v1-state_dict-16-r0
PushCube-v1,state_dict,16,1,physx_cuda,False,50,500,8000,160,71.62853062385693,0.8436172660440207,1.5707121649757028,111.68733925327072,8041.488426235492,0.962008023634553,1.3286665780469775,17.41268625482917,22.51380295492708,8.089043174870312,0,9.045576783828437,51.75395134836435,4.537979162763804,128512,2097152,2895499264,3063283712,36102912,False,[565324],47.182161070930306,22564320.0,outputs/p4-h800-benchmark/PushCube-v1-state_dict-16-r1
PushCube-v1,state_dict,16,2,physx_cuda,False,50,500,8000,160,71.18321921862662,0.8436623830348253,1.6432456360198557,112.38603828002525,8091.7947561618175,1.0959804058074951,1.3220137218013406,17.306453315541148,23.204865073785182,8.153613709378988,0,9.070648360531777,51.45596679858863,4.4395970441401005,128512,2097152,2895499264,3067867136,36102912,True,[],46.97642003069632,22564320.0,outputs/p4-h800-benchmark/PushCube-v1-state_dict-16-r2
PushCube-v1,rgb,1,0,physx_cuda,False,50,500,500,10,17.4859760501422,1.1489215455949306,1.6444490570574999,28.59434317914063,2058.7927088981255,0.23728376254439354,0.4721659701317548,16.500489320605993,16.88245120458305,6.7369299228303134,0.7524400753900409,8.28341821115464,4.414437341038138,4.149168401956558,33723392,35651584,3172323328,3364503552,17587334,True,[],177.65313110407442,175873340.0,outputs/p4-h800-benchmark/PushCube-v1-rgb-1-r0
PushCube-v1,rgb,1,1,physx_cuda,False,50,500,500,10,17.62193622905761,1.272065701894462,1.593449741601944,28.373726558806137,2042.908312234042,0.23391284048557281,0.475013698451221,16.493716510012746,17.307825852185488,6.780094249173999,0.7512871334329247,8.323070795275271,4.384080865420401,4.278878347016871,33723392,35651584,3172323328,3470184448,17627824,True,[],179.0848777340725,176278240.0,outputs/p4-h800-benchmark/PushCube-v1-rgb-1-r1
PushCube-v1,rgb,1,2,physx_cuda,False,50,500,500,10,17.50407445523888,1.2451279810629785,1.5653734100051224,28.564777948048125,2056.664012259465,0.2620513550937176,0.45998014975339174,16.48544194176793,18.36010895203799,6.828461083583534,0.752472463529557,8.36950793582946,4.377105163410306,4.116179127246141,33723392,35651584,3172323328,3536011264,17514150,True,[],177.8512459434569,175141500.0,outputs/p4-h800-benchmark/PushCube-v1-rgb-1-r2
PushCube-v1,rgb,4,0,physx_cuda,False,50,500,2000,40,33.487766238860786,1.311340733896941,1.8848803378641605,59.72330270506683,4300.077794764812,0.4512239247560501,0.6689471658319234,19.371516071259975,20.67165463231504,6.925128408242017,2.2656586579978466,9.781845138408244,17.362110777758062,4.548930401913822,33870848,35651584,3172323328,3568017408,70362023,True,[],86.91563666891307,175905057.5,outputs/p4-h800-benchmark/PushCube-v1-rgb-4-r0
PushCube-v1,rgb,4,1,physx_cuda,False,50,500,2000,40,33.58546592481434,1.3212747988291085,1.795981622301042,59.54956839000755,4287.568924080544,0.5082446150481701,0.7044485537335275,19.459352595731616,20.95751287415623,6.920682328287512,2.2697994466871023,9.798682278953493,17.381782641634345,4.598474912811071,33870848,35651584,3172323328,3539083264,70430421,True,[],87.08092123316601,176076052.5,outputs/p4-h800-benchmark/PushCube-v1-rgb-4-r1
PushCube-v1,rgb,4,2,physx_cuda,False,50,500,2000,40,33.82434439891949,1.3017420209944248,1.8346012122929096,59.129010053004585,4257.28872381633,0.5188493523746729,0.7008648943156004,19.547968870028853,22.52197414636612,7.199067517649382,2.2661942592822015,10.055881693027914,17.353348302654922,4.563066420145333,33870848,35651584,3172323328,3563286528,70339419,True,[],87.69720423058607,175848547.5,outputs/p4-h800-benchmark/PushCube-v1-rgb-4-r2
PushCube-v1,rgb,16,0,physx_cuda,False,50,500,8000,160,98.35290608881041,1.4697374156676233,2.757834466174245,81.33974193681867,5856.461419450944,1.1343355290591717,1.3218473410233855,30.6460945867002,36.155594256706536,7.8896332969889045,8.321851515676826,15.822235462255776,69.40136181935668,6.114281610585749,34466816,35651584,3180711936,3742699520,281539964,True,[],65.69813818734838,175962477.5,outputs/p4-h800-benchmark/PushCube-v1-rgb-16-r0
PushCube-v1,rgb,16,1,physx_cuda,False,50,500,8000,160,98.93837727187201,1.470878202933818,2.6284533287398517,80.85841127166317,5821.805611559749,1.1552900541573763,1.3568142428994179,31.502465019002557,36.24779400415718,8.088290388230234,8.323520731646568,16.0092227649875,69.44646331621334,6.4326230846345425,34466816,35651584,3180711936,3676401664,281310217,True,[],65.93581732659368,175818885.625,outputs/p4-h800-benchmark/PushCube-v1-rgb-16-r1
PushCube-v1,rgb,16,2,physx_cuda,False,50,500,8000,160,98.50322683388367,1.6704285619780421,2.689258487895131,81.21561350971008,5847.524172699126,1.116905827075243,1.361462869681418,31.462085200473666,37.42761514149606,8.259597019292414,8.32392711006105,16.178399202413857,69.19036466442049,6.109170849435031,34466816,35651584,3180711936,3720155136,281339014,True,[],65.92420382105047,175836883.75,outputs/p4-h800-benchmark/PushCube-v1-rgb-16-r2
